,0
0,-3.3
1,1.7
2,6.7
3,10.6
4,16.5
5,20.6
6,24.8
7,26.2
8,20.8
9,15.1
10,7.1
11,-1.9
12,0.6
13,6.4
14,12.0
15,16.7
16,21.9
17,25.4
18,28.9
19,31.2
20,25.4
21,21.1
22,11.7
23,2.3
24,4.6
25,4.0
26,113.6
27,19.0
28,135.4
29,296.9
30,313.2
31,138.1
32,63.5
33,7.9
34,76.5
35,15.7
36,-5.2
37,-0.9
38,5.4
39,11.7
40,17.3
41,21.9
42,26.2
43,26.8
44,21.5
45,15.6
46,8.9
47,-0.7
48,-1.2
49,3.8
50,11.1
51,17.4
52,22.9
53,26.7
54,30.1
55,31.0
56,26.2
57,20.8
58,13.6
59,3.7
60,18.0
61,8.8
62,40.8
63,102.2
64,123.6
65,77.7
66,267.8
67,360.6
68,295.1
69,48.6
70,57.8
71,35.6
72,-3.4
73,-0.7
74,3.2
75,10.0
76,17.6
77,21.1
78,26.1
79,25.1
80,20.3
81,13.6
82,6.4
83,1.1
84,0.9
85,4.2
86,7.9
87,15.1
88,23.8
89,26.4
90,30.5
91,29.2
92,24.7
93,19.1
94,10.5
95,5.5
96,1.2
97,25.7
98,18.5
99,91.6
100,12.5
101,110.3
102,180.0
103,193.2
104,236.4
105,36.8
106,52.2
107,27.8
108,-9.2
109,-2.5
110,5.5
111,11.4
112,16.9
113,21.2
114,24.5
115,25.7
116,20.5
117,13.5
118,6.5
119,0.8
120,-4.8
121,2.4
122,11.4
123,15.7
124,21.8
125,26.0
126,28.0
127,30.1
128,25.5
129,19.5
130,11.3
131,5.1
132,13.3
133,2.6
134,57.3
135,221.1
136,186.7
137,383.7
138,513.6
139,126.5
140,50.1
141,32.1
142,26.8
143,12.8
144,-0.1
145,-3.5
146,3.8
147,14.1
148,18.6
149,21.6
150,24.7
151,26.3
152,20.3
153,13.8
154,6.3
155,0.2
156,3.8
157,0.4
158,8.5
159,18.6
160,24.2
161,26.5
162,28.3
163,30.4
164,24.6
165,19.2
166,11.0
167,4.7
168,20.3
169,27.1
170,37.3
171,338.8
172,83.3
173,112.5
174,504.5
175,220.3
176,378.9
177,40.6
178,25.2
179,5.2
180,-4.2
181,-1.2
182,2.7
183,10.3
184,17.3
185,22.1
186,24.1
187,24.4
188,20.9
189,14.8
190,7.0
191,-2.0
192,-0.2
193,3.2
194,7.8
195,15.8
196,23.4
197,28.7
198,28.3
199,28.4
200,26.7
201,20.9
202,11.3
203,2.4
204,19.1
205,2.4
206,16.8
207,10.4
208,11.6
209,23.8
210,631.6
211,319.4
212,27.0
213,63.7
214,85.0
215,5.5
216,-4.7
217,0.1
218,4.8
219,11.8
220,18.3
221,20.5
222,23.6
223,26.7
224,19.7
225,14.4
226,5.9
227,-3.0
228,0.1
229,4.8
230,9.2
231,17.6
232,24.1
233,25.4
234,26.9
235,31.2
236,24.7
237,19.5
238,10.7
239,1.3
240,9.7
241,29.4
242,90.5
243,35.7
244,37.1
245,179.8
246,897.7
247,272.8
248,302.8
249,74.9
250,81.6
251,6.9
252,-4.5
253,-2.4
254,4.8
255,11.8
256,19.3
257,21.3
258,25.5
259,26.7
260,20.7
261,14.5
262,6.5
263,-4.9
264,0.3
265,1.5
266,9.7
267,17.3
268,25.7
269,26.3
270,29.6
271,30.5
272,26.0
273,20.4
274,11.4
275,-1.1
276,24.7
277,54.6
278,88.2
279,93.3
280,59.6
281,135.3
282,283.8
283,261.8
284,158.1
285,26.5
286,53.3
287,9.6
288,-4.0
289,-4.4
290,4.4
291,12.6
292,17.2
293,21.0
294,24.7
295,24.9
296,20.9
297,13.0
298,7.6
299,3.1
300,0.1
301,0.7
302,9.6
303,18.8
304,22.8
305,26.7
306,28.5
307,29.5
308,26.4
309,18.5
310,12.7
311,7.2
312,11.3
313,12.5
314,56.1
315,45.2
316,53.4
317,41.1
318,412.4
319,362.8
320,126.3
321,101.8
322,54.2
323,11.1
324,-3.5
325,-2.7
326,2.9
327,10.6
328,16.4
329,20.0
330,24.0
331,24.8
332,20.8
333,13.9
334,5.0
335,-2.0
336,0.4
337,0.9
338,7.7
339,16.0
340,21.7
341,25.5
342,27.7
343,28.9
344,25.2
345,19.5
346,9.4
347,2.2
348,62.2
349,59.2
350,13.7
351,219.3
352,255.2
353,31.8
354,345.9
355,455.1
356,230.0
357,18.4
358,28.4
359,17.6
360,-4.8
361,-0.2
362,0.4
363,12.2
364,18.7
365,20.5
366,23.0
367,25.9
368,21.2
369,14.9
370,5.7
371,-1.1
372,-0.1
373,4.7
374,4.8
375,18.3
376,24.6
377,25.1
378,26.5
379,29.9
380,26.0
381,20.4
382,10.4
383,2.9
384,5.9
385,49.2
386,12.7
387,7.5
388,84.0
389,249.8
390,425.6
391,195.9
392,461.2
393,153.1
394,42.8
395,20.5
396,-2.4
397,-0.7
398,2.0
399,11.2
400,16.6
401,21.6
402,23.9
403,24.6
404,20.6
405,13.0
406,8.7
407,-1.2
408,1.7
409,3.5
410,6.6
411,17.0
412,22.1
413,26.0
414,27.3
415,28.6
416,25.2
417,18.7
418,13.4
419,2.8
420,19.3
421,26.0
422,42.2
423,52.7
424,121.6
425,135.8
426,530.3
427,223.2
428,159.8
429,12.8
430,19.5
431,16.5
432,0.8
433,-0.6
434,5.3
435,11.5
436,16.4
437,21.7
438,25.7
439,23.1
440,19.0
441,13.8
442,5.2
443,0.6
444,4.5
445,3.0
446,10.3
447,16.7
448,21.3
449,27.4
450,30.0
451,27.1
452,24.0
453,19.2
454,9.3
455,4.7
456,62.6
457,32.6
458,76.8
459,23.4
460,85.3
461,28.0
462,230.8
463,881.8
464,133.6
465,82.6
466,125.4
467,6.7
468,0.4
469,0.6
470,4.5
471,12.4
472,17.4
473,21.4
474,26.8
475,25.9
476,20.3
477,13.0
478,4.7
479,-3.0
480,4.2
481,5.2
482,10.0
483,17.6
484,22.9
485,26.1
486,31.2
487,29.8
488,25.0
489,18.2
490,9.3
491,1.7
492,56.9
493,3.7
494,13.7
495,133.0
496,82.5
497,107.9
498,191.3
499,188.4
500,88.1
501,26.5
502,24.7
503,11.4
504,-2.5
505,-2.1
506,3.7
507,10.7
508,16.7
509,19.7
510,23.5
511,25.1
512,20.6
513,12.6
514,5.4
515,-0.5
516,2.5
517,1.9
518,8.9
519,15.8
520,22.1
521,25.1
522,27.2
523,29.4
524,25.8
525,17.9
526,10.5
527,3.7
528,15.1
529,23.8
530,27.7
531,144.8
532,239.8
533,64.3
534,256.9
535,319.0
536,96.3
537,36.2
538,10.6
539,16.2
540,-2.7
541,-0.8
542,4.4
543,13.3
544,16.7
545,21.4
546,24.9
547,27.0
548,22.6
549,15.4
550,9.0
551,-1.6
552,1.8
553,4.0
554,9.7
555,19.3
556,22.2
557,26.7
558,28.8
559,31.9
560,27.1
561,20.6
562,13.8
563,2.8
564,17.4
565,6.4
566,64.2
567,103.0
568,83.7
569,50.5
570,384.5
571,96.2
572,181.3
573,21.0
574,36.3
575,22.9
576,-3.8
577,2.8
578,4.8
579,11.3
580,16.7
581,21.3
582,23.1
583,23.7
584,19.9
585,13.7
586,3.5
587,0.4
588,0.7
589,7.1
590,10.1
591,17.0
592,22.7
593,26.9
594,27.7
595,27.6
596,25.3
597,19.0
598,8.0
599,4.6
600,4.0
601,108.3
602,6.8
603,58.4
604,41.5
605,49.2
606,176.7
607,462.3
608,78.7
609,60.7
610,30.7
611,32.2
612,-6.7
613,-2.4
614,5.4
615,12.5
616,17.4
617,22.5
618,26.0
619,24.6
620,21.5
621,16.7
622,7.6
623,2.4
624,-2.5
625,2.6
626,11.1
627,18.2
628,23.0
629,27.9
630,30.1
631,29.3
632,26.7
633,22.7
634,11.8
635,6.3
636,2.2
637,0.2
638,36.5
639,228.8
640,63.7
641,46.4
642,405.4
643,101.0
644,96.2
645,15.7
646,96.0
647,55.4
648,-2.4
649,-2.5
650,4.2
651,11.5
652,18.5
653,21.9
654,26.4
655,25.8
656,20.9
657,14.5
658,7.9
659,1.6
660,1.7
661,2.0
662,9.2
663,17.2
664,25.1
665,26.9
666,30.1
667,29.8
668,25.8
669,20.1
670,12.7
671,5.6
672,11.6
673,13.6
674,52.2
675,13.0
676,25.4
677,374.7
678,242.2
679,270.7
680,80.9
681,40.0
682,7.5
683,29.1
684,0.9
685,0.6
686,6.0
687,11.2
688,16.5
689,21.4
690,24.3
691,25.4
692,20.1
693,15.9
694,5.7
695,1.4
696,5.1
697,5.0
698,11.3
699,16.2
700,22.2
701,25.4
702,28.5
703,29.5
704,25.0
705,21.9
706,10.5
707,5.3
708,19.6
709,32.6
710,60.3
711,138.6
712,116.0
713,354.4
714,204.3
715,237.8
716,46.8
717,3.5
718,30.0
719,35.5
720,-3.7
721,-3.1
722,5.2
723,10.1
724,16.5
725,21.6
726,22.7
727,22.8
728,19.6
729,13.0
730,8.6
731,-3.8
732,0.5
733,1.8
734,10.8
735,15.3
736,22.1
737,26.5
738,26.7
739,26.7
740,24.9
741,18.7
742,13.5
743,0.3
744,28.0
745,5.0
746,32.8
747,216.7
748,90.3
749,118.8
750,259.2
751,331.5
752,58.3
753,44.9
754,10.6
755,46.3
756,-7.0
757,-1.4
758,5.7
759,11.9
760,15.9
761,21.8
762,25.4
763,24.5
764,20.0
765,13.4
766,3.6
767,0.1
768,-2.6
769,2.7
770,11.5
771,17.8
772,20.9
773,26.8
774,29.3
775,28.7
776,25.0
777,18.1
778,7.5
779,4.1
780,21.0
781,12.0
782,55.4
783,55.4
784,80.8
785,109.1
786,463.8
787,192.9
788,129.0
789,34.1
790,46.7
791,16.0
792,-3.6
793,0.6
794,5.9
795,12.3
796,17.9
797,21.9
798,25.1
799,25.4
800,20.8
801,15.8
802,7.9
803,-0.1
804,0.8
805,5.5
806,10.9
807,18.1
808,22.9
809,27.3
810,30.1
811,29.2
812,26.3
813,21.8
814,12.5
815,3.7
816,26.0
817,2.9
818,46.0
819,8.1
820,134.6
821,15.7
822,195.5
823,255.8
824,4.8
825,46.5
826,164.8
827,48.6
828,-1.7
829,-1.7
830,6.4
831,13.6
832,18.5
833,22.2
834,23.6
835,26.0
836,22.0
837,14.2
838,6.7
839,-1.1
840,2.6
841,2.4
842,11.3
843,19.0
844,23.7
845,27.9
846,26.8
847,30.0
848,26.1
849,18.7
850,11.2
851,2.9
852,11.1
853,11.7
854,67.5
855,113.4
856,69.0
857,27.4
858,398.6
859,132.2
860,253.4
861,82.2
862,28.7
863,9.9
864,-5.9
865,-3.5
866,2.5
867,12.1
868,18.2
869,22.6
870,25.2
871,26.3
872,20.1
873,13.8
874,8.1
875,-0.9
876,-1.7
877,1.3
878,7.3
879,17.9
880,24.0
881,27.7
882,29.5
883,30.5
884,25.0
885,19.5
886,12.9
887,3.5
888,10.7
889,14.9
890,11.4
891,41.8
892,35.2
893,105.5
894,269.9
895,330.9
896,348.1
897,21.4
898,35.5
899,24.2
900,-5.9
901,-0.3
902,4.3
903,11.6
904,18.1
905,22.1
906,25.3
907,26.3
908,20.2
909,14.7
910,5.6
911,-3.4
912,-1.2
913,4.2
914,9.5
915,17.8
916,23.6
917,27.3
918,29.2
919,30.4
920,23.9
921,19.6
922,9.5
923,0.4
924,31.2
925,25.9
926,57.8
927,69.0
928,177.4
929,85.4
930,185.2
931,438.9
932,171.7
933,177.8
934,82.4
935,41.9
936,-5.4
937,-3.3
938,4.9
939,11.9
940,17.1
941,21.9
942,23.5
943,24.5
944,19.9
945,12.7
946,5.2
947,1.9
948,-1.4
949,0.7
950,10.2
951,17.8
952,22.5
953,26.3
954,27.0
955,28.3
956,24.7
957,17.2
958,9.5
959,5.4
960,11.7
961,8.3
962,44.3
963,20.6
964,71.5
965,117.1
966,351.8
967,370.3
968,101.0
969,79.6
970,39.3
971,31.9
972,-3.0
973,-0.1
974,4.0
975,10.8
976,17.0
977,22.4
978,23.7
979,24.4
980,20.1
981,15.5
982,7.5
983,0.9
984,1.0
985,4.0
986,8.6
987,16.3
988,22.4
989,27.1
990,27.1
991,28.1
992,25.2
993,20.6
994,12.0
995,4.9
996,43.4
997,36.2
998,34.2
999,55.3
1000,126.6
1001,130.3
1002,651.2
1003,521.8
1004,61.1
1005,21.9
1006,66.8
1007,2.6
1008,-2.1
1009,-1.5
1010,4.3
1011,11.3
1012,17.9
1013,22.3
1014,24.4
1015,26.4
1016,21.4
1017,15.0
1018,5.5
1019,0.1
1020,1.9
1021,3.2
1022,8.8
1023,16.6
1024,23.4
1025,27.3
1026,27.8
1027,31.0
1028,26.5
1029,20.6
1030,10.6
1031,4.3
1032,3.3
1033,4.5
1034,31.3
1035,60.5
1036,42.8
1037,73.7
1038,382.3
1039,81.3
1040,39.7
1041,8.4
1042,21.1
1043,11.9
1044,0.8
1045,2.4
1046,6.1
1047,14.3
1048,17.9
1049,21.2
1050,24.5
1051,25.5
1052,20.7
1053,13.6
1054,7.1
1055,1.4
1056,3.9
1057,7.1
1058,10.7
1059,20.5
1060,23.4
1061,26.2
1062,28.5
1063,29.7
1064,25.1
1065,18.8
1066,11.2
1067,4.9
1068,44.6
1069,32.7
1070,116.7
1071,14.0
1072,41.1
1073,177.1
1074,343.5
1075,329.4
1076,101.2
1077,69.9
1078,154.5
1079,12.4
1080,-3.2
1081,2.7
1082,7.2
1083,11.3
1084,16.2
1085,20.7
1086,24.9
1087,26.4
1088,21.1
1089,15.4
1090,10.0
1091,0.8
1092,0.2
1093,5.8
1094,11.5
1095,16.3
1096,21.0
1097,24.6
1098,28.4
1099,30.9
1100,25.7
1101,21.3
1102,14.6
1103,4.8
1104,62.2
1105,64.8
1106,92.3
1107,94.2
1108,122.8
1109,497.2
1110,486.5
1111,283.5
1112,570.1
1113,0.0
1114,56.0
1115,25.9
1116,-2.6
1117,-0.9
1118,4.9
1119,13.0
1120,17.5
1121,22.6
1122,24.3
1123,25.5
1124,21.1
1125,13.8
1126,6.5
1127,2.2
1128,1.6
1129,3.1
1130,9.6
1131,19.1
1132,22.8
1133,27.6
1134,27.8
1135,30.0
1136,25.5
1137,19.5
1138,10.9
1139,5.9
1140,14.4
1141,28.4
1142,65.5
1143,48.5
1144,83.2
1145,81.8
1146,487.8
1147,68.2
1148,175.2
1149,27.3
1150,35.0
1151,42.9
1152,-0.2
1153,0.7
1154,7.6
1155,12.0
1156,16.4
1157,20.9
1158,24.8
1159,24.8
1160,20.9
1161,14.0
1162,6.2
1163,1.5
1164,3.4
1165,5.0
1166,12.2
1167,17.5
1168,21.9
1169,26.0
1170,28.4
1171,28.9
1172,25.1
1173,18.9
1174,10.8
1175,5.1
1176,13.6
1177,46.6
1178,11.2
1179,76.5
1180,155.5
1181,99.6
1182,270.1
1183,418.8
1184,168.5
1185,33.6
1186,89.5
1187,71.4
1188,-1.9
1189,1.0
1190,5.8
1191,10.6
1192,18.2
1193,21.3
1194,23.3
1195,23.2
1196,21.2
1197,13.4
1198,8.5
1199,-0.2
1200,1.9
1201,5.3
1202,10.5
1203,15.8
1204,23.8
1205,25.8
1206,27.6
1207,27.5
1208,26.3
1209,19.3
1210,12.5
1211,3.8
1212,2.2
1213,69.5
1214,29.2
1215,85.5
1216,135.7
1217,198.2
1218,424.4
1219,197.8
1220,56.1
1221,15.4
1222,66.6
1223,12.1
1224,-0.9
1225,0.8
1226,4.0
1227,15.2
1228,17.9
1229,22.8
1230,28.5
1231,27.6
1232,21.0
1233,15.2
1234,9.3
1235,1.1
1236,3.1
1237,5.8
1238,8.9
1239,21.4
1240,23.1
1241,28.2
1242,32.6
1243,31.9
1244,26.1
1245,20.3
1246,13.6
1247,4.7
1248,6.5
1249,14.8
1250,31.7
1251,44.9
1252,152.4
1253,85.0
1254,139.5
1255,232.7
1256,60.7
1257,214.5
1258,49.6
1259,23.5
1260,-2.1
1261,1.2
1262,6.0
1263,11.3
1264,17.1
1265,21.6
1266,24.5
1267,26.0
1268,20.0
1269,15.5
1270,6.2
1271,-1.0
1272,1.8
1273,6.0
1274,10.3
1275,16.7
1276,22.1
1277,26.3
1278,27.8
1279,29.2
1280,24.5
1281,20.6
1282,11.5
1283,3.0
1284,11.6
1285,5.2
1286,60.6
1287,44.4
1288,60.6
1289,70.7
1290,436.1
1291,786.6
1292,47.2
1293,39.3
1294,32.9
1295,3.4
1296,-2.2
1297,-1.6
1298,4.9
1299,10.2
1300,18.4
1301,22.3
1302,24.4
1303,26.0
1304,22.0
1305,14.5
1306,6.1
1307,1.6
1308,2.3
1309,3.2
1310,9.5
1311,15.1
1312,24.2
1313,26.5
1314,28.3
1315,29.8
1316,27.3
1317,19.4
1318,10.3
1319,6.0
1320,16.3
1321,1.0
1322,77.9
1323,62.0
1324,29.3
1325,249.7
1326,512.8
1327,132.4
1328,11.0
1329,90.3
1330,62.9
1331,11.0
1332,-3.3
1333,0.7
1334,6.8
1335,13.0
1336,17.0
1337,23.4
1338,26.1
1339,26.8
1340,20.2
1341,13.4
1342,8.8
1343,1.8
1344,1.2
1345,5.6
1346,11.8
1347,18.1
1348,21.5
1349,28.5
1350,30.1
1351,31.3
1352,25.4
1353,19.0
1354,13.7
1355,5.7
1356,16.8
1357,39.6
1358,25.3
1359,56.1
1360,291.3
1361,110.0
1362,299.6
1363,117.2
1364,76.9
1365,45.5
1366,93.8
1367,38.1
1368,-1.4
1369,3.4
1370,7.3
1371,15.6
1372,19.0
1373,21.9
1374,24.9
1375,25.0
1376,23.0
1377,17.0
1378,7.3
1379,2.3
1380,2.8
1381,7.8
1382,12.5
1383,20.9
1384,24.3
1385,26.4
1386,28.6
1387,28.8
1388,27.8
1389,22.0
1390,12.2
1391,6.6
1392,10.4
1393,32.3
1394,45.1
1395,120.2
1396,121.5
1397,234.1
1398,311.8
1399,1237.8
1400,177.9
1401,27.4
1402,26.9
1403,3.7
1404,-0.8
1405,0.7
1406,6.7
1407,13.9
1408,17.5
1409,23.1
1410,25.9
1411,26.0
1412,22.9
1413,14.3
1414,7.9
1415,0.4
1416,3.5
1417,5.0
1418,11.7
1419,19.3
1420,22.7
1421,28.3
1422,30.0
1423,30.2
1424,27.0
1425,19.1
1426,12.6
1427,4.4
1428,10.2
1429,2.9
1430,55.0
1431,97.2
1432,109.7
1433,131.8
1434,230.4
1435,600.5
1436,377.3
1437,81.6
1438,19.5
1439,17.0
1440,-2.1
1441,-1.7
1442,6.3
1443,11.9
1444,17.5
1445,23.7
1446,26.8
1447,26.2
1448,20.7
1449,14.9
1450,7.0
1451,0.9
1452,1.7
1453,2.6
1454,11.4
1455,16.9
1456,22.7
1457,29.2
1458,31.0
1459,30.0
1460,24.8
1461,19.2
1462,11.1
1463,4.9
1464,42.8
1465,2.1
1466,3.1
1467,30.7
1468,75.2
1469,68.1
1470,114.7
1471,599.4
1472,178.5
1473,18.1
1474,27.1
1475,27.0
1476,-4.2
1477,-0.3
1478,5.0
1479,13.6
1480,19.1
1481,22.5
1482,25.9
1483,26.5
1484,22.5
1485,16.5
1486,7.0
1487,-0.6
1488,-0.8
1489,3.7
1490,9.6
1491,19.2
1492,24.7
1493,27.1
1494,29.9
1495,30.8
1496,27.5
1497,21.0
1498,11.5
1499,3.4
1500,39.4
1501,45.7
1502,18.1
1503,12.3
1504,16.5
1505,157.4
1506,698.4
1507,252.0
1508,49.3
1509,68.2
1510,13.0
1511,15.7
1512,0.3
1513,2.9
1514,7.6
1515,13.6
1516,18.2
1517,22.2
1518,25.2
1519,24.2
1520,21.6
1521,12.8
1522,4.0
1523,1.7
1524,3.9
1525,7.1
1526,12.4
1527,18.6
1528,23.5
1529,27.3
1530,28.8
1531,27.5
1532,26.1
1533,17.7
1534,8.0
1535,5.3
1536,37.4
1537,2.4
1538,31.5
1539,155.1
1540,58.0
1541,61.4
1542,220.6
1543,688.0
1544,61.1
1545,45.0
1546,12.5
1547,15.0
1548,-2.6
1549,2.7
1550,6.5
1551,13.2
1552,19.6
1553,21.5
1554,23.8
1555,24.1
1556,20.9
1557,13.9
1558,9.5
1559,0.7
1560,1.1
1561,6.6
1562,10.6
1563,17.9
1564,25.0
1565,25.8
1566,27.7
1567,27.6
1568,24.9
1569,19.0
1570,13.5
1571,4.4
1572,14.1
1573,39.6
1574,26.8
1575,139.6
1576,106.0
1577,156.0
1578,469.8
1579,684.2
1580,258.2
1581,41.5
1582,69.3
1583,6.9
1584,-1.6
1585,2.3
1586,6.3
1587,13.1
1588,17.6
1589,23.2
1590,24.8
1591,26.1
1592,21.7
1593,15.2
1594,9.1
1595,1.9
1596,2.1
1597,6.9
1598,11.1
1599,18.3
1600,22.2
1601,27.7
1602,27.7
1603,30.2
1604,26.3
1605,20.8
1606,13.4
1607,5.8
1608,19.8
1609,54.6
1610,27.6
1611,74.1
1612,168.5
1613,138.1
1614,510.7
1615,193.3
1616,198.7
1617,6.5
1618,80.0
1619,27.2
1620,-2.5
1621,-1.9
1622,4.1
1623,13.2
1624,17.7
1625,22.7
1626,25.3
1627,25.1
1628,21.8
1629,14.7
1630,8.6
1631,-3.9
1632,1.5
1633,2.2
1634,8.8
1635,18.1
1636,22.9
1637,27.3
1638,28.8
1639,28.7
1640,25.7
1641,19.4
1642,12.9
1643,-0.1
1644,4.5
1645,17.2
1646,12.5
1647,94.7
1648,85.8
1649,168.5
1650,269.4
1651,285.0
1652,313.3
1653,52.6
1654,44.6
1655,10.3
1656,-0.2
1657,0.1
1658,5.2
1659,11.6
1660,18.4
1661,21.8
1662,23.1
1663,27.0
1664,21.1
1665,17.9
1666,8.4
1667,1.4
1668,3.4
1669,4.2
1670,9.9
1671,16.2
1672,23.4
1673,26.3
1674,26.0
1675,31.1
1676,25.7
1677,22.6
1678,12.4
1679,5.4
1680,34.3
1681,15.7
1682,14.0
1683,51.8
1684,156.2
1685,168.5
1686,1014.0
1687,121.2
1688,11.1
1689,30.2
1690,47.6
1691,17.3
1692,0.4
1693,4.0
1694,6.1
1695,11.4
1696,18.1
1697,23.2
1698,24.2
1699,26.5
1700,21.5
1701,15.1
1702,6.7
1703,1.8
1704,4.1
1705,8.7
1706,10.3
1707,16.1
1708,23.4
1709,27.7
1710,27.8
1711,29.9
1712,25.1
1713,19.6
1714,11.4
1715,5.4
1716,10.8
1717,12.6
1718,123.5
1719,41.1
1720,137.6
1721,54.5
1722,274.1
1723,237.6
1724,241.9
1725,39.5
1726,26.4
1727,12.7
1728,-1.7
1729,-1.2
1730,7.3
1731,14.1
1732,17.7
1733,21.5
1734,25.1
1735,25.3
1736,22.0
1737,16.1
1738,7.6
1739,1.1
1740,1.9
1741,3.2
1742,11.9
1743,19.5
1744,22.7
1745,26.1
1746,28.4
1747,29.5
1748,26.9
1749,21.0
1750,11.7
1751,5.0
1752,17.7
1753,15.0
1754,53.9
1755,38.5
1756,97.7
1757,165.0
1758,530.8
1759,251.2
1760,99.2
1761,41.8
1762,19.6
1763,25.9
1764,-2.0
1765,2.9
1766,6.0
1767,12.7
1768,19.1
1769,22.4
1770,24.3
1771,25.7
1772,21.8
1773,16.0
1774,6.9
1775,-1.0
1776,2.3
1777,6.8
1778,10.6
1779,18.0
1780,24.3
1781,26.7
1782,28.2
1783,29.5
1784,26.3
1785,20.9
1786,10.4
1787,2.5
1788,5.7
1789,36.9
1790,63.9
1791,66.5
1792,109.0
1793,132.0
1794,659.4
1795,285.3
1796,64.5
1797,66.9
1798,52.4
1799,21.5
1800,-4.5
1801,1.4
1802,4.3
1803,9.5
1804,17.2
1805,23.4
1806,25.8
1807,26.5
1808,21.8
1809,14.5
1810,6.5
1811,-1.3
1812,-0.7
1813,4.9
1814,8.1
1815,14.0
1816,22.0
1817,28.2
1818,29.3
1819,30.0
1820,26.0
1821,19.3
1822,11.3
1823,3.1
1824,29.3
1825,55.3
1826,82.5
1827,62.8
1828,124.0
1829,127.6
1830,239.2
1831,598.7
1832,671.5
1833,25.6
1834,10.9
1835,16.1
1836,-7.2
1837,1.2
1838,3.6
1839,10.7
1840,17.9
1841,22.0
1842,24.6
1843,25.8
1844,21.8
1845,14.2
1846,10.7
1847,-0.9
1848,-3.4
1849,5.9
1850,8.3
1851,15.6
1852,23.0
1853,26.6
1854,28.0
1855,29.5
1856,26.6
1857,19.3
1858,14.7
1859,2.9
1860,8.9
1861,29.1
1862,14.6
1863,110.1
1864,53.4
1865,404.5
1866,1131.0
1867,166.8
1868,25.6
1869,32.0
1870,56.2
1871,7.1
1872,-2.8
1873,-2.0
1874,5.1
1875,12.3
1876,19.7
1877,24.1
1878,25.4
1879,27.1
1880,21.0
1881,15.3
1882,5.5
1883,-4.1
1884,1.3
1885,3.0
1886,9.5
1887,17.9
1888,25.1
1889,29.7
1890,29.0
1891,30.9
1892,25.0
1893,20.5
1894,9.5
1895,-0.5
1896,6.7
1897,0.8
1898,47.4
1899,157.0
1900,8.2
1901,91.9
1902,448.9
1903,464.9
1904,212.0
1905,99.3
1906,67.8
1907,41.4
1908,-3.4
1909,-1.2
1910,5.1
1911,10.0
1912,18.2
1913,24.4
1914,25.5
1915,27.7
1916,21.8
1917,15.8
1918,6.2
1919,-0.2
1920,0.3
1921,2.8
1922,10.8
1923,15.0
1924,23.6
1925,29.2
1926,28.3
1927,31.1
1928,25.9
1929,21.2
1930,10.7
1931,3.5
1932,22.1
1933,74.1
1934,27.3
1935,71.7
1936,132.0
1937,28.3
1938,676.2
1939,148.6
1940,138.5
1941,13.5
1942,46.9
1943,24.7
1944,-0.7
1945,1.9
1946,7.9
1947,14.0
1948,18.9
1949,23.1
1950,26.1
1951,25.2
1952,22.1
1953,15.6
1954,9.0
1955,-2.9
1956,3.5
1957,6.6
1958,13.1
1959,19.6
1960,25.3
1961,27.8
1962,30.6
1963,29.0
1964,27.0
1965,21.4
1966,13.8
1967,1.5
1968,13.0
1969,16.2
1970,7.2
1971,31.0
1972,63.0
1973,98.1
1974,207.9
1975,172.8
1976,88.1
1977,52.2
1978,41.5
1979,17.9
1980,-0.9
1981,1.0
1982,6.3
1983,13.3
1984,18.9
1985,23.6
1986,25.8
1987,26.3
1988,22.4
1989,15.5
1990,8.9
1991,1.6
1992,3.6
1993,6.0
1994,12.4
1995,18.8
1996,24.9
1997,29.5
1998,30.0
1999,30.8
2000,28.1
2001,21.2
2002,12.7
2003,6.0
2004,11.3
2005,22.7
2006,9.6
2007,80.5
2008,28.9
2009,99.0
2010,226.0
2011,72.9
2012,26.0
2013,81.5
2014,104.6
2015,29.1
2016,-3.2
2017,0.2
2018,7.0
2019,14.1
2020,19.6
2021,23.6
2022,26.2
2023,28.0
2024,23.1
2025,16.1
2026,6.8
2027,1.2
2028,1.1
2029,5.1
2030,12.6
2031,20.3
2032,25.7
2033,28.7
2034,29.8
2035,32.6
2036,27.9
2037,21.3
2038,11.6
2039,5.8
2040,1.0
2041,47.6
2042,40.5
2043,76.8
2044,160.5
2045,54.4
2046,358.2
2047,67.1
2048,33.0
2049,74.8
2050,16.7
2051,61.1
2052,-1.8
2053,-0.2
2054,6.3
2055,13.9
2056,19.5
2057,23.3
2058,26.9
2059,25.9
2060,22.1
2061,16.4
2062,5.6
2063,-1.9
2064,2.9
2065,4.8
2066,12.3
2067,20.0
2068,25.4
2069,28.8
2070,30.4
2071,29.7
2072,27.4
2073,22.2
2074,10.5
2075,2.2
2076,14.9
2077,11.1
2078,7.9
2079,61.6
2080,16.1
2081,66.6
2082,621.0
2083,297.0
2084,35.0
2085,26.5
2086,40.7
2087,34.8
2088,-4.0
2089,-1.6
2090,8.1
2091,13.0
2092,18.2
2093,23.1
2094,27.8
2095,28.8
2096,21.5
2097,13.1
2098,7.8
2099,-0.6
2100,0.1
2101,3.3
2102,13.6
2103,18.5
2104,23.3
2105,28.4
2106,32.1
2107,33.3
2108,26.0
2109,18.6
2110,13.2
2111,4.1
2112,8.5
2113,29.6
2114,49.5
2115,130.3
2116,222.0
2117,171.5
2118,185.6
2119,202.6
2120,68.5
2121,120.5
2122,79.1
2123,16.4
2124,-0.9
2125,1.0
2126,7.1
2127,12.1
2128,19.4
2129,22.5
2130,25.9
2131,27.2
2132,22.6
2133,16.4
2134,8.6
2135,1.4
2136,4.1
2137,6.0
2138,12.4
2139,17.6
2140,25.6
2141,27.7
2142,30.1
2143,31.6
2144,27.1
2145,21.8
2146,13.6
2147,5.3
2148,0.0
2149,23.8
2150,26.8
2151,47.3
2152,37.8
2153,74.4
2154,194.4
2155,190.5
2156,139.8
2157,55.5
2158,78.8
2159,22.6
2160,1.6
2161,2.5
2162,7.7
2163,11.1
2164,18.0
2165,23.9
2166,24.1
2167,26.5
2168,21.4
2169,14.3
2170,8.0
2171,-0.4
2172,5.9
2173,7.2
2174,13.3
2175,16.6
2176,23.3
2177,29.0
2178,28.0
2179,29.3
2180,25.6
2181,19.5
2182,12.6
2183,3.9
2184,60.5
2185,53.1
2186,16.3
2187,16.9
2188,112.4
2189,139.6
2190,270.4
2191,675.7
2192,181.5
2193,0.0
2194,120.1
2195,4.6
